{
  "epoch": [
    1,
    2,
    3,
    4,
    5,
    6,
    7,
    8,
    9,
    10
  ],
  "train_loss": [
    1.9776389352681405,
    0.5206782887666234,
    0.14787582871823535,
    0.06696364301313992,
    0.03996945069262267,
    0.027285663536094157,
    0.019637668920875886,
    0.01580883123868209,
    0.013603201751271094,
    0.013039785266487391
  ],
  "train_acc": [
    0.4730821299638989,
    0.8946976534296028,
    0.9722247292418773,
    0.9840703971119134,
    0.9914936823104693,
    0.9948104693140795,
    0.9972924187725631,
    0.998240072202166,
    0.9986236462093863,
    0.99889440433213
  ],
  "val_loss": [
    1.7574034719260592,
    0.618099795997358,
    0.1416005670002221,
    0.04472900659975593,
    0.03111746337412712,
    0.018575889350920378,
    0.01272605267161712,
    0.013179622082180925,
    0.010120662210327624,
    0.010544838352189383
  ],
  "val_acc": [
    0.4214801444043321,
    0.79485559566787,
    0.9623646209386282,
    0.9866425992779784,
    0.9929602888086643,
    0.9973826714801444,
    0.9985559566787003,
    0.9978339350180505,
    0.9990974729241877,
    0.998826714801444
  ]
}